"Guid","Name","SBQQ__MethodName__c","SBQQ__Version__c"
0480ad08-5960-4479-9df4-e73542cfdc9b,a2XHn000000ZjIo,SBQQ.InstallProcessorBatchQuantityEditable,228.7
059f0aea-f798-4b09-8e82-031ffbae6fb1,a2XHn000000ZjIy,SBQQ.DiscountScheduleRefFieldGenerator,228.7
06454af1-17bf-4a86-b9cc-ed4ddb5264a6,a2XHn000000ZjIz,SBQQ.PriceRuleRefFieldGenerator,228.7
099ae52d-853e-4756-9f5b-661eb0ee36ce,a2XHn000000ZjJ9,SBQQ.BatchableConfigAttrReferencedFieldUtil,228.7
12610e44-45ac-44c9-89bf-5a6ecf3ca29c,a2XHn000000ZjIk,createConfiguratorEditRulesAction,228.7
245cf8d9-f241-4720-9e03-98e47969cd82,a2XHn000000ZjJ5,updateOIsWithAssetsContractsSubs,228.7
2615a2d6-9e4e-48c5-9028-0773d152c1da,a2XHn000000ZjIn,SBQQ.InstallProcessorBatchRegularPrice,228.7
286603dd-2343-479d-8732-95a0f9d00d2e,a2XHn000000ZjJ2,SBQQ.RootIdSetterParentSubscriptions,228.7
45fee770-b187-41f6-8d6a-21b1ff6ffed6,a2XHn000000ZjIw,SBQQ.BatchableDSExclusionGenerator,228.7
4d024aaa-0900-4909-8a42-cd684e476670,a2XHn000000ZjIp,CalculatorReferencedFieldRemover,228.7
4e366773-e476-4066-ac11-298a5a08c466,a2XHn000000ZjJ1,SBQQ.ProductRefFieldGenerator,228.7
5ae6ed4d-db61-40b1-a491-adba2b730bc9,a2XHn000000ZjJ3,SBQQ.RootIdSetterParentAssets,228.7
5d244c2a-40b9-4b03-ade8-323d541ac19c,a2XHn000000ZjIs,SBQQ.InstallProcessorBatchRequiredByAsset,228.7
65aec328-eb2c-43e9-9c3b-b262d6782ea6,a2XHn000000ZjIt,SBQQ.ReferencedFieldRemover,228.7
6e06575a-fe75-4faf-a8ff-e1ef8a73ab35,a2XHn000000ZjIm,createAddRecommendedProductsAction,228.7
780ee8d3-ac65-45e8-84ef-2ee2f7bb6fe1,a2XHn000000ZjIx,SBQQ.InstallProcessorBatchThemeGenerator,228.7
796cd60a-9756-46dc-84ef-23c682f0f6fe,a2XHn000000ZjIu,SBQQ.InstallProcessorBatchLocalizationIndex,228.7
7d29d9d1-5b9f-4b5f-8b8d-96aac130b215,a2XHn000000ZjIl,enableFlagToPreventBackdatedAmendments,228.7
856ad678-061c-4eba-86f1-ba511bf0fa2b,a2XHn000000ZjJ6,SBQQ.SummaryVarRefFieldGenerator,228.7
8ad6892c-22f0-4854-b2fc-84a36138ade4,a2XHn000000ZjJ0,SBQQ.CustomActionRefFieldGenerator,228.7
913160f4-ad89-424f-8877-97e2c965f080,a2XHn000000ZjJ8,SBQQ.InstallProcessorBatchHasCS,228.7
952793eb-06e9-44b7-99b4-23ffee574eba,a2XHn000000ZjIg,createViewConsumptionScheduleLineAction,228.7
a7eabf1d-50e1-42b7-81cf-e379f83fe704,a2XHn000000ZjJA,SBQQ.RootIdSetterChildAssets,228.7
aed1f5db-7322-450a-a346-1b12e9f1ac42,a2XHn000000ZjIh,createExternalConfiguratorCustomAction,228.7
bcf5f5ef-0177-47f8-8298-fba24edf170d,a2XHn000000ZjIf,createCustomActionsOnQLE,228.7
c07ecc17-8ea7-4def-94f9-f7a6666ef013,a2XHn000000ZjIr,SBQQ.InstallProcessorBatchQLIPriceBookEntry,228.7
cb02fe64-f36a-43e4-8bda-99ea9adcb896,a2XHn000000ZjIj,viewPricingGuidanceLineAction,228.7
cc7c5903-1f11-4aed-b47a-5cd07f356a4d,a2XHn000000ZjIv,SBQQ.InstallProcessorBatchAssetCombineKey,228.7
d37b3573-9438-4faf-b1cc-dae82278d5ff,a2XHn000000ZjJ4,SBQQ.RootIdSetterChildSubscriptions,228.7
d5230512-8f92-49a4-81ce-7040727ac787,a2XHn000000ZjJ7,SBQQ.ProductRuleRefFieldGenerator,228.7
d5ad1534-894e-43f4-bdc7-dd16e3c78454,a2XHn000000ZjIq,SBQQ.BatchablePluginTranspileUtil,228.7
fe471cd2-8fc0-4416-a6d5-591487e7acf0,a2XHn000000ZjIi,createAmendSubscriptionsCustomQleAction,228.7
